,resID
4wsq_a,126.0
4wsq_b,126.0
2hz4_a,
2hz4_c,
3pyy_a,
3pyy_b,
2xyn_b,
2xyn_c,
3gvu_a,
3mv5_a,227.0
3mvh_a,227.0
3o96_a,
3ocb_a,
3ocb_b,
3ow4_a,
3ow4_b,
3qkk_a,
3qkl_a,
3qkm_a,
4ejn_a,
4ekk_a,
4ekk_b,
4ekl_a,
4gv1_a,227.0
1o6k_a,
1o6l_a,
2jdo_a,
2jdr_a,
2uw9_a,
2x39_a,
2xh5_a,
3d0e_a,
3d0e_b,
3e87_a,229.0
3e87_b,229.0
3e88_a,
3e88_b,
3e8d_a,229.0
3e8d_b,229.0
2yfx_a,
4ans_a,
4cd0_a,
4clj_a,
4cnh_b,
4tt7_a,
4rer_a,
4rew_a,
3aqv_a,
4cfe_a,
4cfe_c,
4cff_a,
4cff_c,
4zhx_a,93.0
4zhx_c,93.0
5ezv_a,93.0
5ezv_c,93.0
2wqe_a,
4w9w_a,130.0
4w9x_a,
5i3o_a,
5i3o_b,
5i3r_a,
5i3r_b,
3pj1_a,
4rx5_a,
5fbn_c,
5fbn_d,
4fg7_a,
4fg8_a,
4fg8_b,
4fg9_a,
4fg9_b,
2jc6_a,98.0
2jc6_c,98.0
2jam_a,98.0
2jam_b,98.0
4f99_a,
4f9a_a,
4f9a_c,
4f9b_a,
4f9b_c,
4f9c_a,
3ezr_a,
3pxf_a,
3pxq_a,
3pxz_a,
3py1_a,
4d1z_a,
4ez7_a,
4fku_a,
5a14_a,
5fp5_a,
5fp6_a,
2ym7_a,
3f9n_a,
3jvr_a,
3jvs_a,
3uyt_a,
3uyt_b,
3uyt_c,
3uyt_d,
3uzp_a,
3uzp_b,
4hgt_a,
4hgt_b,
4hnf_a,
4hnf_b,
4kb8_a,82.0
4kb8_b,82.0
4kb8_c,82.0
4kb8_d,
4kba_a,82.0
4kba_b,82.0
4kba_c,82.0
4kba_d,
4kbc_a,
4kbc_b,82.0
4kbk_a,
4kbk_b,82.0
4kbk_c,
4kbk_d,
4tn6_a,82.0
4tw9_a,82.0
4tw9_b,82.0
4twc_a,82.0
4twc_b,82.0
4hni_a,
4hni_b,
2cmw_a,
3h30_a,
3w8l_b,
4y83_a,
4y83_b,
4y83_c,
4y85_a,
4y85_b,
4y85_c,
3zos_a,
5ceo_a,190.0
5cep_a,190.0
5ceq_a,190.0
2vd5_a,
2vd5_b,
2jiu_a,
2jiv_a,790.0
2jiv_b,790.0
3ika_a,790.0
3ug2_a,
3vjn_a,
3w2o_a,790.0
3w2p_a,790.0
3w2q_a,790.0
3w2r_a,790.0
4g5j_a,
4g5p_a,
4i22_a,
4i24_a,
4i24_b,
4ll0_a,
4ll0_b,
4rj4_a,
4rj5_a,
4rj6_a,
4rj7_a,
4rj8_a,
5c8k_a,
5c8m_a,
5c8n_a,
5cal_a,
5can_a,
5cao_a,
5cap_a,790.0
5caq_a,
5cas_a,
5cau_a,
5edq_a,
5edr_a,790.0
5em5_a,
5em6_a,
5em7_a,
5hg5_a,790.0
5hg7_a,
5hg8_a,790.0
5hg9_a,790.0
1mp8_a,
2etm_a,
2etm_b,
2ijm_a,499.0
2ijm_b,499.0
3bz3_a,499.0
3pxk_a,
3pxk_b,
4ebv_a,499.0
4ebv_altc_a,
4ebw_a,499.0
4ebw_altc_a,
4gu6_a,499.0
4gu6_b,499.0
4gu9_a,
4gu9_b,
4i4e_a,499.0
4i4e_altc_a,
4i4f_a,499.0
4i4f_altc_a,
4k8a_a,
4k8a_b,
4k9y_a,499.0
4k9y_altc_a,
4kab_a,
4kab_b,
4kao_a,
4kao_b,
4q9s_a,
3bkb_a,636.0
3bkb_altc_a,
3cbl_a,636.0
3cd3_a,636.0
4e93_a,636.0
4rwk_a,561.0
4rwk_b,561.0
4uwc_a,
4uwc_b,
5am7_a,
5am7_b,
4obo_a,105.0
4obp_a,105.0
4obq_a,
4rvt_a,105.0
4u40_a,105.0
4u41_a,105.0
4u42_a,105.0
4u42_b,
4u43_a,105.0
4u44_a,105.0
4u45_a,105.0
4zk5_a,
5di1_a,
1jqh_a,
1jqh_b,
1jqh_c,
1k3a_a,
2oj9_a,
2zm3_a,
2zm3_b,
2zm3_c,
2zm3_d,
3f5p_a,
3f5p_b,
3f5p_c,
3f5p_d,
3f5p_e,
3f5p_f,
3f5p_g,
3f5p_h,
3f5p_i,
3f5p_j,
3f5p_k,
3f5p_l,
3f5p_m,
3f5p_r,
3f5p_s,
3f5p_t,
3i81_a,
3lvp_a,
3lvp_b,
3lvp_c,
3lvp_d,
3lw0_a,
3lw0_b,
3lw0_c,
3lw0_d,
3nw5_a,
3nw6_a,
3nw7_a,
3o23_a,
3qqu_a,
3qqu_b,
3qqu_c,
3qqu_d,
4d2r_a,
4kik_a,
4kik_b,96.0
1i44_a,
1ir3_a,
2z8c_a,
3bu5_a,
3ekk_a,
3ekn_a,
3eta_a,
3eta_b,
4ibm_a,
4ibm_b,
4xlv_a,
5e1s_a,
4yo6_d,
4m0y_a,
4m0z_a,
4m12_a,
4m13_a,
4m14_a,
4m15_a,
4pqn_a,
3eyg_a,956.0
3eyh_a,
4e4l_a,956.0
4e4l_b,956.0
4e4l_d,956.0
4e4n_a,
4e4n_b,
4e5w_a,956.0
4e5w_b,956.0
4ehz_a,956.0
4ehz_b,956.0
4ehz_c,956.0
4ehz_d,956.0
4ei4_a,
4ei4_b,
4fk6_a,
4fk6_b,956.0
4i5c_a,956.0
4i5c_b,956.0
4ivb_a,956.0
4ivb_b,956.0
4ivc_a,
4ivc_b,
4ivd_a,956.0
4ivd_b,956.0
4k6z_a,
4k77_a,
4k77_b,
5e1e_a,956.0
5e1e_b,956.0
5hx8_a,956.0
5hx8_b,
2b7a_a,
2b7a_b,
2w1i_a,
2xa4_a,
2xa4_b,929.0
3e62_a,929.0
3e63_a,929.0
3e64_a,929.0
3fup_a,
3fup_b,
3io7_a,
3iok_a,
3jy9_a,
3kck_a,
3krr_a,929.0
3lpb_a,929.0
3lpb_b,929.0
3q32_a,
3q32_b,
3rvg_a,
3tjc_a,
3tjc_b,
3tjd_a,
3tjd_b,
3ugc_a,929.0
3zmm_a,
3zmm_b,929.0
4aqc_a,929.0
4aqc_b,929.0
4bbe_a,
4bbe_b,
4bbe_c,
4bbe_d,
4bbf_a,
4bbf_b,
4bbf_c,
4bbf_d,
4c61_a,
4c61_b,
4c62_a,
4c62_b,
4d0w_a,
4d0x_a,929.0
4d1s_a,
4e4m_a,
4e4m_b,
4e4m_d,
4e4m_e,
4e6d_a,929.0
4e6d_b,929.0
4e6q_a,
4e6q_b,
4f08_a,
4f08_b,
4f09_a,
4gfm_a,929.0
4gmy_a,
4hge_a,929.0
4hge_b,929.0
4iva_a,929.0
4iva_altc_a,
4ji9_a,
4ji9_b,
4jia_a,929.0
4p7e_a,
4p7e_b,
4ytc_a,
4ytf_a,
4yth_a,929.0
4yti_a,929.0
4zim_a,929.0
4zim_b,929.0
5aep_a,929.0
5cf4_a,
5cf4_b,
5cf5_a,
5cf5_b,
5cf6_a,
5cf6_b,
5cf8_a,929.0
5cf8_b,929.0
1yvj_a,902.0
3lxk_a,
3lxl_a,902.0
3pjc_a,
3zc6_a,902.0
3zc6_b,902.0
3zc6_c,902.0
3zc6_d,902.0
3zep_a,902.0
3zep_b,
3zep_c,
3zep_d,902.0
4hvd_a,
4hvg_a,
4hvh_a,
4hvi_a,
4i6q_a,
4qps_a,
4qps_c,902.0
4qt1_a,
4rio_a,
4v0g_a,902.0
4v0g_b,902.0
4z16_a,
4z16_b,
4z16_c,
4z16_d,
1uki_a,
2g01_a,
2g01_b,
2gmx_a,
2gmx_b,
2h96_a,
2h96_b,
2no3_a,
2no3_b,
2xrw_a,108.0
2xrw_altc_a,
2xs0_a,
3elj_a,108.0
3o2m_a,
3o2m_b,
3pze_a,
3v3v_a,
4awi_a,108.0
4e73_a,108.0
4g1w_a,
4hys_a,
4hyu_a,
4izy_a,
4l7f_a,108.0
4l7f_altc_a,
4qtd_a,108.0
4ux9_a,
4ux9_b,
4ux9_c,
4ux9_d,
3e7o_a,
3e7o_b,
3npc_a,
3npc_b,
1jnk_a,
1pmn_a,
1pmu_a,
1pmv_a,
2b1p_a,
2exc_x,
2o0u_a,
2o2u_a,
2ok1_a,
2p33_a,
2r9s_a,
2r9s_b,
2waj_a,
2zdt_a,146.0
2zdu_a,
3da6_a,
3fi2_a,
3fi3_a,
3fv8_a,
3g90_x,
3g9l_x,
3g9n_a,
3kvx_a,146.0
3oxi_a,
3oy1_a,
3ptg_a,
3rtp_a,
3tti_a,
3ttj_a,146.0
3v6r_a,146.0
3v6r_b,146.0
3v6s_a,
3v6s_b,
4kke_a,
4kkh_a,
4u79_a,
4w4v_a,
4w4w_a,
4w4x_a,
4w4y_a,
4whz_a,146.0
4x21_a,
4x21_b,
4y46_a,
4y5h_a,
4z9l_a,146.0
2wtk_c,
2wtk_f,
1s9j_a,
2p55_a,
3dv3_a,143.0
3dy7_a,
3e8n_a,
3eqb_a,143.0
3eqc_a,143.0
3eqd_a,
3eqf_a,
3eqg_a,
3eqh_a,
3eqi_a,
3mbl_a,143.0
3orn_a,
3os3_a,
3pp1_a,143.0
3v01_a,
3v04_a,
3vvh_a,143.0
3vvh_b,143.0
3vvh_c,143.0
3w8q_a,
3wig_a,
3zls_a,
3zlw_a,
3zlx_a,
3zly_a,
3zm4_a,
4an2_a,143.0
4an3_a,
4an9_a,
4anb_a,
4ark_a,
4lmn_a,
4mne_a,143.0
4mne_d,143.0
4mne_e,143.0
4mne_h,143.0
4u7z_a,
4u80_a,
4u81_a,
5bx0_a,
1s9i_a,
1s9i_b,
3sls_a,143.0
3sls_b,143.0
3aln_a,
3aln_b,
3aln_c,
3alo_a,
3fme_a,
3vn9_a,
3wzu_a,
2clq_a,754.0
2clq_b,754.0
3vw6_a,754.0
3vw6_b,754.0
4bf2_a,
4bf2_b,
4bhn_a,754.0
4bhn_b,754.0
4bib_a,
4bib_b,754.0
4bic_a,
4bid_a,
4bid_b,754.0
4bie_a,
4bie_b,
1nxk_a,
1nxk_b,
1nxk_c,
1nxk_d,
1ny3_a,
2jbo_a,
2jbp_a,
2jbp_b,
2jbp_c,
2jbp_d,
2jbp_e,
2jbp_f,
2jbp_g,
2jbp_h,
2jbp_i,
2jbp_k,
2jbp_l,
2p3g_x,
2pzy_a,
2pzy_b,
2pzy_c,
3a2c_a,
3a2c_b,
3a2c_c,
3a2c_d,
3a2c_e,
3a2c_f,
3a2c_g,
3a2c_h,
3a2c_i,
3a2c_j,
3a2c_k,
3a2c_l,
3fpm_a,
3fyj_x,
3fyk_x,
3gok_a,
3gok_b,
3gok_c,
3gok_d,
3gok_e,
3gok_f,
3gok_g,
3gok_h,
3gok_i,
3gok_j,
3gok_k,
3gok_l,
3ka0_a,
3kc3_a,
3kc3_b,
3kc3_c,
3kc3_d,
3kc3_e,
3kc3_f,
3kc3_h,
3kc3_i,
3kc3_j,
3kc3_k,
3kc3_l,
3r2b_a,
3r2b_b,
3r2y_a,
3r30_a,
3wi6_a,
3wi6_b,
3wi6_c,
3wi6_d,
3wi6_e,
3wi6_f,
3fhr_a,118.0
3fxw_a,
3kga_a,138.0
3m2w_a,138.0
3m42_a,
3r1n_a,118.0
3she_a,118.0
5eak_a,
5eak_b,
5es1_a,
3dtc_a,
4mwi_a,283.0
2buj_a,
3qfv_a,
3qfv_b,
3tku_a,
3tku_b,
4uak_a,153.0
4ual_a,153.0
3kn5_a,
3kn5_b,
4lgd_a,
4lgd_b,
4lgd_c,
4lgd_d,
3a7h_a,
3a7h_b,
3a7i_a,
3a7j_a,
3ckx_a,
4o27_b,
4qml_a,
4qmm_a,
4qmn_a,99.0
4qmo_a,99.0
4qmp_a,
4qmq_a,99.0
4qms_a,99.0
4qmt_a,
4qmu_a,99.0
4qmv_a,
4qmw_a,99.0
4qmx_a,
4qmy_a,
4qmz_a,
4qna_a,
4qo9_a,
4qo9_b,
4u8z_a,
4w8d_a,
4w8e_a,
3ggf_a,99.0
3ggf_b,99.0
4fzf_b,
4b9d_a,
4b9d_b,
2jav_a,86.0
2w5a_a,86.0
2w5b_a,86.0
2wqo_a,
2xk3_a,
2xk4_a,
2xk4_altc_a,
2xk6_a,
2xk7_a,
2xk8_a,
2xkc_a,
2xkd_a,
2xke_a,
2xkf_a,
2xnm_a,86.0
2xnn_a,
2xno_a,86.0
2xnp_a,
4a4x_a,
4afe_a,
4dn5_a,
4dn5_b,
4idt_a,469.0
4idt_b,469.0
4idv_a,
4idv_b,
4idv_c,
4idv_d,
2vwi_a,
2vwi_b,
2vwi_c,92.0
2vwi_d,92.0
3dak_a,
3dak_b,
3dak_c,
3dak_d,
1ouy_a,
2rg6_a,
2yis_a,
2yiw_a,
3c5u_a,
3hl7_a,
3hll_a,
3hp2_a,
3hp5_a,
3hvc_a,
3k3i_a,
3k3j_a,
3new_a,
3roc_a,
4dli_a,
4dlj_a,
4e6a_a,
4e6c_a,
4e8a_a,
4eh2_a,
4eh3_a,
4eh4_a,
4eh5_a,
4eh6_a,
4eh7_a,
4eh8_a,
4eh9_a,
4ehv_a,
4ewq_a,
4f9w_a,
4f9y_a,
4fa2_a,
4r3c_a,
4eyj_a,
4eym_a,
1cm8_a,
1cm8_b,
2hy8_1,
3q4z_a,344.0
3q53_a,
4eqc_a,344.0
4o0r_a,
4o0t_a,
4p90_a,
4p90_b,
4zji_a,344.0
4zji_b,344.0
4zji_c,344.0
4zji_d,344.0
4zjj_a,344.0
4zjj_b,344.0
4zjj_c,344.0
4zjj_d,344.0
4zlo_a,
4zy4_a,
4zy4_b,
4zy5_a,
4zy5_b,
4zy6_a,
4zy6_b,344.0
5dey_a,
5dey_b,
5dfp_a,344.0
2cdz_a,395.0
2x4z_a,
4app_a,395.0
4fie_a,
4fie_b,
4fif_a,395.0
4fif_b,395.0
4fig_a,
4fig_b,
4jdi_a,395.0
4njd_a,395.0
4o0v_a,
4o0x_a,
4o0y_a,
4xbr_a,
5bms_a,
2f57_b,523.0
4ks7_a,481.0
4ks8_a,481.0
3dls_a,
3dls_b,
3dls_c,
3dls_d,
3dls_e,
3dls_f,
3hrf_a,
3orx_a,
3orx_b,
3orx_c,
3orx_d,
3orx_e,
3orx_f,
3orx_g,
3orx_h,
3orz_a,
3orz_b,
3orz_c,
3orz_d,
3otu_a,
4a06_a,
4a07_a,
4aw0_a,
4aw1_a,
4ct1_a,
4ct2_a,
4rqk_a,
4rqk_altc_a,
4rqv_a,
4rqv_altc_a,
4xx9_a,
5ack_a,
4g31_a,
4g34_a,887.0
4m7i_a,
4i41_a,
2gu8_a,
3agl_a,
3agl_b,
3l9l_a,
3l9l_b,
3l9m_a,
3l9m_b,
3l9n_a,
3mvj_a,
3mvj_e,
3oog_a,120.0
3ovv_a,120.0
3owp_a,120.0
3oxt_a,
3p0m_a,120.0
3poo_a,120.0
3vqh_a,120.0
4wb5_a,120.0
4wb6_a,
4wb6_b,
4wb8_a,120.0
3iw4_a,
3iw4_b,
3iw4_c,
4ra4_a,
2i0e_a,
2i0e_b,
3txo_a,
1xjd_a,
2jed_a,
2jed_b,
4q9z_a,458.0
4q9z_b,458.0
4ra5_a,458.0
4ra5_b,458.0
4otg_a,701.0
4oti_a,701.0
4crs_a,
2a19_b,
2a19_c,
3et7_a,
3fzp_a,
3fzr_a,
3fzs_a,
3fzt_a,
3h3c_a,
4h1j_a,
4h1m_a,
4ith_a,95.0
4ith_b,
4iti_a,92.0
4iti_b,
4itj_a,92.0
4itj_b,92.0
4neu_a,92.0
4neu_b,92.0
5hx6_a,
5hx6_b,
4oav_d,
2esm_a,
2esm_b,
2etk_a,
2etk_b,
2etr_a,
2etr_b,
2v55_a,
2v55_c,
3d9v_a,
3d9v_b,
3ncz_a,
3ncz_b,
3ncz_c,
3ncz_d,
3ndm_b,
3ndm_c,
3ndm_d,
3tv7_a,
3tv7_b,
3tv7_c,
3tv7_d,
3twj_a,
3twj_c,
3v8s_a,
3v8s_b,
3v8s_c,
3v8s_d,
4w7p_a,
4w7p_b,
4w7p_c,
4w7p_d,
4yvc_a,
4yvc_b,
4yve_a,
4yve_b,
5bml_a,
5bml_b,
4l6q_a,
4l6q_b,
4jg8_a,493.0
2x4f_a,
2x4f_b,
4mxy_a,
4mxy_b,
4mxz_a,
4mxz_b,
3beg_a,
1xbb_a,448.0
1xbc_a,448.0
3emg_a,
3fqe_a,
3fqh_a,
3fqh_b,
3fqs_a,448.0
3srv_a,450.0
3srv_b,448.0
3tub_a,
3tuc_a,
3tud_a,
3vf8_a,
3vf9_a,
4dfl_a,
4dfn_a,448.0
4f4p_a,448.0
4fl1_a,448.0
4fl2_a,
4fl3_a,448.0
4fyn_a,
4fyo_a,448.0
4fz6_a,450.0
4fz7_a,450.0
4gfg_a,
4i0r_a,
4i0s_a,448.0
4i0t_a,448.0
4puz_a,
4puz_b,
4pv0_a,
4px6_a,448.0
4rss_a,448.0
4rx7_a,448.0
4rx8_a,448.0
4rx9_a,
4wnm_a,
4xg3_a,
4xg3_b,
4xg4_a,
4xg5_a,
4xg5_b,
4xg6_a,
4xg7_a,
4xg8_a,
4xg8_c,
4xg9_a,
4xg9_b,
4yjo_a,448.0
4yjp_a,
4yjq_a,
4yjr_a,
4yjr_altc_a,
4yjs_a,
4yjt_a,448.0
4yjt_altc_a,
4yju_a,448.0
4yjv_a,
4yjv_altc_a,
5c26_a,
5c27_a,
5cxh_a,
5cxz_a,448.0
5cy3_a,448.0
2eva_a,104.0
2yiy_a,
4gs6_a,104.0
4l3p_a,
4l52_a,104.0
4l53_a,104.0
4o91_a,
4eut_a,86.0
4eut_b,86.0
4euu_a,86.0
4euu_b,86.0
4im0_a,86.0
4im2_a,86.0
4im3_a,86.0
4iw0_a,
4iwo_a,
4iwp_a,
4iwq_a,
2x7f_a,105.0
2x7f_b,105.0
2x7f_c,105.0
2x7f_d,
2x7f_e,
4btj_a,
4btj_b,
4btk_a,
4btm_a,
4btm_b,
4nfn_a,107.0
2x9e_a,
2zmd_a,
3gfw_a,
3h9f_a,602.0
3hmn_a,
3hmo_a,
3hmp_a,
3vqu_a,
3w1f_a,
3wyx_a,
3wyy_a,
3wzj_a,
3wzk_a,
4bhz_a,
4bi0_a,
4bi1_a,
4bi2_a,
4c4e_a,
4c4f_a,
4c4g_a,
4c4h_a,
4c4i_a,
4c4j_a,
4cv8_a,
4cv9_a,
4cva_a,
4d2s_a,
4js8_a,
4jt3_a,
4o6l_a,
4o6l_b,
5ap0_a,
5ap1_a,
5ap2_a,
5ap3_a,
5ap4_a,
5ap5_a,
5ap6_a,602.0
5ap7_a,
3lxn_a,
3lxp_a,
3nyx_a,978.0
3nz0_a,978.0
4gfo_a,
4gih_a,978.0
4gii_a,
4gj2_a,
4gj3_a,
4gvj_a,
4py1_a,
5f1z_a,978.0
5f20_a,
4oli_a,
4wno_a,92.0
4wnp_a,92.0
4wnp_b,92.0
4wnp_c,92.0
4wnp_d,92.0
5ci7_a,92.0
3op5_a,
3op5_b,
3op5_c,
3op5_d,
2xik_a,95.0
4nzw_b,
1u59_a,414.0
2ozo_a,
4k2r_a,
